ChenFlurMukhopadhyay-SAS2012-Ex2,Y
LeikeHeizmann-TACAS2014-Fig1,Y
CookSeeZuleger-TACAS2013-Fig1,U
Benghazi_nondet-1,U
Ex07,N
PastaB1,Y
Ex04_false-no-overflow_false-termination,U
PodelskiRybalchenko-TACAS2011-Fig1,Y
b,Y
PastaC3,U
PastaA10,U
Waldkirch,Y
Overflow_false-no-overflow_true-termination,U
ChenFlurMukhopadhyay-SAS2012-Ex2,U
WhileDecr,Y
NonTermination1,U
Urban-WST2013-Fig1,N
PastaA8_false-no-overflow_true-termination,Y
PastaC7_false-no-overflow,Y
a,Y
Hanoi_2vars,U
GulavaniGulwani-CAV2008-Fig1a,U
WhilePart,N
Copenhagen_disj-1,U
AliasDarteFeautrierGonnord-SAS2010-terminate,U
WhileTrueInc_false-no-overflow_false-termination,U
WhileIncrPart_false-no-overflow_false-termination,U
ChenFlurMukhopadhyay-SAS2012-Ex2,N
ChenFlurMukhopadhyay-SAS2012-Ex2,Y
CookSeeZuleger-TACAS2013-Fig8a,U
TrueDiv_false-no-overflow_false-termination,U
Marbie1_false-no-overflow_false-termination,U
PastaA5_false-no-overflow_true-termination,Y
ChenFlurMukhopadhyay-SAS2012-Ex3,Y
ChenFlurMukhopadhyay-SAS2012-Ex2,Y
GulavaniGulwani-CAV2008-Fig1c,Y
b,N
b,Y
a,Y
CookSeeZuleger-TACAS2013-Fig8b,N
Even_false-no-overflow_false-termination,U
Bangalore-1,N
ChenFlurMukhopadhyay-SAS2012-Ex2,N
ChenFlurMukhopadhyay-SAS2012-Ex4,U
Bangalore_v3,N
Ex01_false-no-overflow_false-termination,U
Cousot_false-no-overflow_false-termination,U
TwoFloatInterv,U
ChenFlurMukhopadhyay-SAS2012-Ex2,Y
2Nested_false-termination_true-valid-memsafety,U
Bangalore_v4,N
ChenFlurMukhopadhyay-SAS2012-Ex3,U
ColonSipma-TACAS2001-Fig1,Y
PastaB4,Y
DoubleNeg_false-no-overflow_false-termination,U
WhileIncr_false-no-overflow_false-termination,U
ComplInterv_false-no-overflow_false-termination,U
Masse-VMCAI2014-Ex6,U
AliasDarteFeautrierGonnord-SAS2010-exmini,Y
Middle_false-no-overflow_false-termination,U
ChenFlurMukhopadhyay-SAS2012-Ex3,Y
ChenFlurMukhopadhyay-SAS2012-Ex3,N
PastaA4,Y
Bangalore-2,N
NonTerminationSimple2,U
Hanoi_3vars,U
CookSeeZuleger-TACAS2013-Fig8a-modified,U
PastaA6_false-no-overflow_true-termination,Y
4NestedWith3Variables-2,U
ChenFlurMukhopadhyay-SAS2012-Ex2,U
WhileSingle,N
PastaC7,Y
ConvLower,N
Marbie2_false-no-overflow_false-termination,U
PastaB7,Y
Parallel,U
ChenFlurMukhopadhyay-SAS2012-Ex3,Y
Bangalore_v2,N
LeikeHeizmann-WST2014-Ex6,U
Copenhagen,Y
Cairo_step2-2,U
b,Y
LeikeHeizmann-WST2014-Ex5,U
PastaB2,Y
LeikeHeizmann-TACAS2014-Ex1,Y
LeikeHeizmann-TACAS2014-Ex9,Y
Hanoi_plus,U
Cairo,U
ChenFlurMukhopadhyay-SAS2012-Ex2,N
Sunset,U
PastaA7,Y
2Nested-2,Y
ChenFlurMukhopadhyay-SAS2012-Ex2,Y
PastaB6,Y
ChenFlurMukhopadhyay-SAS2012-Ex2,Y
Ex02,N
NonTerminationSimple3,N
PastaB11_false-no-overflow_true-termination,Y
